<?xml version="1.0" encoding="UTF-8"?>
<project-private xmlns="http://www.netbeans.org/ns/project-private/1">
    <editor-bookmarks xmlns="http://www.netbeans.org/ns/editor-bookmarks/2" lastBookmarkId="0"/>
    <open-files xmlns="http://www.netbeans.org/ns/projectui-open-files/2">
        <group>
            <file>file:/C:/Users/Alexandre/tcc/TCC/current/Modelo%20de%20PL/src/GUIFinal/Professores/EditarHorarios.java</file>
            <file>file:/C:/Users/Alexandre/tcc/TCC/current/Modelo%20de%20PL/src/GUIFinal/Principal.java</file>
            <file>file:/C:/Users/Alexandre/tcc/TCC/current/Modelo%20de%20PL/src/Modelo/de/PL/Materia.java</file>
            <file>file:/C:/Users/Alexandre/tcc/TCC/current/Modelo%20de%20PL/src/Modelo/de/PL/Horario.java</file>
            <file>file:/C:/Users/Alexandre/tcc/TCC/current/Modelo%20de%20PL/src/Modelo/de/PL/Professor.java</file>
            <file>file:/C:/Users/Alexandre/tcc/TCC/current/Modelo%20de%20PL/src/GUIFinal/Materias/EditarMaterias.java</file>
            <file>file:/C:/Users/Alexandre/tcc/TCC/current/Modelo%20de%20PL/src/Conjuntos/IModelo.java</file>
            <file>file:/C:/Users/Alexandre/tcc/TCC/current/Modelo%20de%20PL/src/GUIFinal/Professores/AdicionarProfessores.java</file>
            <file>file:/C:/Users/Alexandre/tcc/TCC/current/Modelo%20de%20PL/src/GUIFinal/Professores/NewJFrame.java</file>
            <file>file:/C:/Users/Alexandre/tcc/TCC/current/Modelo%20de%20PL/src/GUIFinal/Materias/ControllerAndListener/ComboOptionActionListener.java</file>
            <file>file:/C:/Users/Alexandre/tcc/TCC/current/Modelo%20de%20PL/src/Strategy/StrategyProgramacaoLinear.java</file>
            <file>file:/C:/Users/Alexandre/tcc/TCC/current/Modelo%20de%20PL/src/Conjuntos/ModeloPL.java</file>
            <file>file:/C:/Users/Alexandre/tcc/TCC/current/Modelo%20de%20PL/src/Strategy/IStrategy.java</file>
            <file>file:/C:/Users/Alexandre/tcc/TCC/current/Modelo%20de%20PL/src/AlgoritmoGenetico/AlgoritmoGenetico.java</file>
            <file>file:/C:/Users/Alexandre/tcc/TCC/current/Modelo%20de%20PL/src/GUIFinal/Professores/EditarProfessores.java</file>
            <file>file:/C:/Users/Alexandre/tcc/TCC/current/Modelo%20de%20PL/src/Modelo/de/PL/Aplication.java</file>
            <file>file:/C:/Users/Alexandre/tcc/TCC/current/Modelo%20de%20PL/src/Conjuntos/FabConjuntos.java</file>
            <file>file:/C:/Users/Alexandre/tcc/TCC/current/Modelo%20de%20PL/src/GUIFinal/Materias/ControllerAndListener/ITelaMateria.java</file>
            <file>file:/C:/Users/Alexandre/tcc/TCC/current/Modelo%20de%20PL/src/GUIFinal/ListController/IListController.java</file>
            <file>file:/C:/Users/Alexandre/tcc/TCC/current/Modelo%20de%20PL/src/AlgoritmoGenetico/HorarioSemestre.java</file>
            <file>file:/C:/Users/Alexandre/tcc/TCC/current/Modelo%20de%20PL/src/GUIFinal/ListController/ProfessoresListController.java</file>
            <file>file:/C:/Users/Alexandre/tcc/TCC/current/Modelo%20de%20PL/src/LPSolveComunication/LPSolveInterface.java</file>
            <file>file:/C:/Users/Alexandre/tcc/TCC/current/Modelo%20de%20PL/src/AlgoritmoGenetico/QuadroHorarios.java</file>
            <file>file:/C:/Users/Alexandre/tcc/TCC/current/Modelo%20de%20PL/src/GUIFinal/Materias/ControllerAndListener/MateriaSemestreListController.java</file>
            <file>file:/C:/Users/Alexandre/tcc/TCC/current/Modelo%20de%20PL/src/Teste/Parser.java</file>
            <file>file:/C:/Users/Alexandre/tcc/TCC/current/Modelo%20de%20PL/src/GUIFinal/GerarQuadro.java</file>
            <file>file:/C:/Users/Alexandre/tcc/TCC/current/Modelo%20de%20PL/src/GUIFinal/Materias/ControllerAndListener/MateriaProfessoresListController.java</file>
            <file>file:/C:/Users/Alexandre/tcc/TCC/current/Modelo%20de%20PL/src/GUIFinal/Materias/AdicionarMaterias.java</file>
            <file>file:/C:/Users/Alexandre/tcc/TCC/current/Modelo%20de%20PL/src/Strategy/StrategyAlgoritmoGenetico.java</file>
            <file>file:/C:/Users/Alexandre/tcc/TCC/current/Modelo%20de%20PL/src/GUIFinal/Materias/ControllerAndListener/ITelaMateriasListController.java</file>
        </group>
    </open-files>
</project-private>
